feature1,feature2,feature3,feature4,feature5,feature6,feature7
1.0,4.9025796e-12,0.0,1.0,0.0,1.0,1.0
1.0,0.0,0.0,0.0,1.0,1.0,0.0
1.0,0.0,0.0,0.0,1.0,1.0,0.0
1.0,0.5442258,6.5821696e-05,0.99999374,1.6328267e-11,1.0,1.0
1.0,0.00015447485,1.5485031e-18,1.0,2.2044464e-33,1.0,1.0
1.0,2.5312428e-16,0.0,1.0,0.0,1.0,1.0
1.0,0.0,0.0,0.0,1.0,1.0,0.0
1.0,1.0344938e-16,0.0,1.0,0.0,1.0,1.0
1.0,7.75687e-14,0.0,1.0,0.0,1.0,1.0
0.99999994,0.85814,0.004748626,0.9994909,9.635595e-09,1.0,1.0
1.0,0.0,0.0,0.0,1.0,1.0,0.0
0.7076615,0.30884415,0.3425358,0.020394161,0.45275983,0.6927657,0.22422569
0.99447304,0.9165838,0.37051478,0.17081474,0.0005247684,0.99742717,0.9959264
1.0,0.0,0.0,0.0,1.0,1.0,0.0
1.0,0.8169067,0.0034195464,0.99961936,8.682449e-09,1.0,1.0
1.0,2.7186422e-17,1.0175856e-12,0.0,1.0,1.0,1.721186e-17
1.0,6.237035e-12,0.0,1.0,0.0,1.0,1.0
0.99973917,0.9636296,0.35964057,0.6812972,2.3986928e-05,0.9999787,0.99995166
1.0,0.0,0.0,0.0,1.0,1.0,0.0
1.0,1.1534726e-14,0.0,1.0,0.0,1.0,1.0
1.0,0.00015298379,2.245911e-18,1.0,5.2655256e-33,1.0,1.0
0.9353018,0.010214732,0.046734933,8.6458485e-06,0.9470528,0.9156126,0.009660321
1.0,5.2083494e-11,4.8922025e-38,1.0,0.0,1.0,1.0
1.0,0.0,0.0,0.0,1.0,1.0,0.0
1.0,7.1368815e-28,0.0,1.0,0.0,1.0,1.0
1.0,5.013013e-16,8.357306e-12,7.7228745e-36,1.0,1.0,3.0462238e-16
0.99528235,0.9147502,0.30131212,0.105127186,0.00016807838,0.9979234,0.9964385
0.75353384,0.14168334,0.24118896,0.0033717582,0.7433965,0.74295115,0.0969359
1.0,1.4284887e-15,1.8749897e-11,9.2902665e-35,1.0,1.0,1.0273017e-15
1.0,0.0,0.0,0.0,1.0,1.0,0.0
0.9036693,0.028342972,0.08823753,8.0064485e-05,0.89962775,0.8829986,0.023491902
0.99375904,8.30573e-05,0.0016995989,1.8907058e-10,0.9992106,0.9912315,6.643528e-05
1.0,0.0,0.0,0.0,1.0,1.0,0.0
1.0,0.0,0.0,0.0,1.0,1.0,0.0
1.0,0.0,0.0,0.0,1.0,1.0,0.0
1.0,0.0,0.0,0.0,1.0,1.0,0.0
1.0,0.053110685,2.895939e-10,1.0,1.4770043e-20,1.0,1.0
1.0,1.7730739e-06,1.4664524e-24,1.0,0.0,1.0,1.0
0.9999526,0.9526987,0.19451226,0.9086045,4.0672653e-06,0.999999,0.9999956
1.0,0.0,0.0,0.0,1.0,1.0,0.0
0.99995875,0.9427557,0.15901951,0.92867714,3.6389306e-06,0.9999993,0.9999965
1.0,1.7651299e-26,1.4188029e-19,0.0,1.0,1.0,6.380792e-27
0.9976679,1.6736514e-05,0.0005253254,7.609095e-12,0.99991214,0.99711955,1.0328968e-05
1.0,9.461809e-10,2.4890133e-34,1.0,0.0,1.0,1.0
1.0,0.109549895,7.448512e-08,1.0,5.44872e-16,1.0,1.0
0.90991926,0.020463772,0.07686771,4.7126483e-05,0.9139651,0.8838664,0.019835964
1.0,0.011485698,1.7762028e-12,1.0,5.543567e-24,1.0,1.0
0.9799144,0.0006523218,0.0065302183,1.7254305e-08,0.99224806,0.97304577,0.00074534403
1.0,2.0202383e-25,8.949989e-19,0.0,1.0,1.0,8.1396153e-26
0.7365608,0.321867,0.34540266,0.025336955,0.44754657,0.70869094,0.2580828
0.95713705,0.0036013504,0.023199676,9.707659e-07,0.97312486,0.9432317,0.0041358746
1.0,0.00029074706,2.1010685e-17,1.0,1.7243217e-31,1.0,1.0
1.0,1.8233176e-09,2.6081362e-33,1.0,0.0,1.0,1.0
0.8558649,0.529693,0.2766655,0.024459632,0.079857685,0.8437138,0.5479499
1.0,0.0,0.0,0.0,1.0,1.0,0.0
0.9999999,0.84301436,0.00702271,0.9990697,3.0243925e-08,1.0,1.0
1.0,5.1716023e-07,4.4963226e-26,1.0,0.0,1.0,1.0
1.0,0.0,0.0,0.0,1.0,1.0,0.0
0.99994314,1.4484509e-08,2.9265595e-06,1.1848219e-18,0.9999998,0.9999304,1.00290904e-08
1.0,0.0,0.0,0.0,1.0,1.0,0.0
0.9962511,0.9305771,0.41912654,0.21306156,0.00038635742,0.9985218,0.9977829
1.0,3.804883e-10,1.4335182e-35,1.0,0.0,1.0,1.0
1.0,0.5913172,5.133141e-05,0.999996,5.060375e-12,1.0,1.0
0.99999064,0.9216741,0.07120438,0.9797284,1.0913238e-06,0.99999994,0.9999996
0.72230333,0.29322305,0.3076083,0.011055037,0.39255655,0.70915484,0.19855665
1.0,0.8600435,0.0036876479,0.9996393,5.169815e-09,1.0,1.0
1.0,0.0,0.0,1.0,0.0,1.0,1.0
0.9904286,0.00023888107,0.0037108792,2.5707458e-09,0.9989575,0.9881599,0.0001636127
0.9974829,0.9401396,0.4287801,0.28926164,0.00026863185,0.9992334,0.9988292
1.0,2.247189e-09,2.909431e-33,1.0,0.0,1.0,1.0
0.9249417,0.015523923,0.060121574,2.0742144e-05,0.93322724,0.9059283,0.013427509
1.0,0.006143421,3.6667162e-13,1.0,6.58513e-25,1.0,1.0
0.9974381,0.93306255,0.3857794,0.2708027,0.00024273638,0.99918723,0.998711
1.0,0.0011738741,9.066701e-16,1.0,3.0772006e-29,1.0,1.0
1.0,0.5221646,3.5416215e-05,0.9999968,4.5237525e-12,1.0,1.0
1.0,1.961114e-09,2.7177284e-33,1.0,0.0,1.0,1.0
1.0,3.0527578e-18,0.0,1.0,0.0,1.0,1.0
0.91422075,0.01847747,0.071486965,3.6197427e-05,0.91952354,0.88919413,0.01771759
1.0,1.560771e-05,5.733504e-22,1.0,0.0,1.0,1.0
1.0,1.145337e-18,9.3614434e-14,0.0,1.0,1.0,5.7530996e-19
0.99896157,0.95662326,0.43787146,0.46579087,0.00011048752,0.9998113,0.999691
1.0,9.29367e-08,3.1201813e-28,1.0,0.0,1.0,1.0
1.0,0.0,0.0,0.0,1.0,1.0,0.0
0.81438166,0.121898234,0.22260882,0.003010743,0.7461289,0.7848506,0.101448655
0.9317196,0.010879069,0.049891517,1.0734503e-05,0.9430573,0.9106717,0.0107552195
1.0,4.1116225e-05,1.18682444e-20,1.0,7.646681e-37,1.0,1.0
1.0,0.022142721,3.139747e-11,1.0,8.725225e-22,1.0,1.0
0.9278345,0.26486114,0.089569055,0.0006537094,0.03695359,0.9318645,0.310281
1.0,2.5995312e-28,0.0,1.0,0.0,1.0,1.0
1.0,0.117644496,7.855547e-08,1.0,5.1567175e-16,1.0,1.0
1.0,0.0,0.0,1.0,0.0,1.0,1.0
1.0,0.4440809,4.7977064e-06,0.9999996,7.936775e-14,1.0,1.0
0.98032653,0.0006843467,0.006663793,1.5975958e-08,0.9916847,0.9730189,0.0006924859
1.0,0.0,0.0,0.0,1.0,1.0,0.0
0.95061004,0.46675065,0.11249674,0.0022094166,0.012642478,0.9497302,0.5913032
1.0,0.0,0.0,0.0,1.0,1.0,0.0
0.9994928,0.94315517,0.30320665,0.6073465,5.1011542e-05,0.99994516,0.99987257
1.0,0.7335725,0.0008530655,0.99992263,9.255787e-10,1.0,1.0
0.99796015,0.93428427,0.3663805,0.3216385,0.00019857557,0.99944234,0.9990768
1.0,0.0,0.0,0.0,1.0,1.0,0.0
1.0,0.0,0.0,0.0,1.0,1.0,0.0
0.71432185,0.22800802,0.31063557,0.01030176,0.6099534,0.70247686,0.1536584
1.0,0.0,9.94312e-34,0.0,1.0,1.0,0.0
1.0,0.7509564,0.0003624954,0.99997514,9.131737e-11,1.0,1.0
1.0,0.0,0.0,1.0,0.0,1.0,1.0
1.0,0.0,0.0,0.0,1.0,1.0,0.0
0.99980706,0.95296377,0.28230622,0.7520467,1.7539518e-05,0.99998885,0.9999677
1.0,0.0,0.0,0.0,1.0,1.0,0.0
1.0,3.2534194e-07,1.1885426e-26,1.0,0.0,1.0,1.0
1.0,5.2149914e-33,0.0,1.0,0.0,1.0,1.0
1.0,0.0007213617,2.6821264e-16,1.0,6.1988508e-30,1.0,1.0
0.9944487,7.0240065e-05,0.0015307255,1.3793337e-10,0.9993959,0.9924007,5.353654e-05
1.0,2.9349585e-25,0.0,1.0,0.0,1.0,1.0
1.0,0.662827,0.00038224817,0.99996614,2.9089928e-10,1.0,1.0
0.9999998,0.8916459,0.011852758,0.99844295,4.0228574e-08,1.0,1.0
1.0,0.0024383038,1.8788892e-14,1.0,6.053924e-27,1.0,1.0
1.0,0.0,0.0,0.0,1.0,1.0,0.0
1.0,3.0370283e-35,3.8327134e-26,0.0,1.0,1.0,1.1986727e-35
1.0,9.359742e-34,0.0,1.0,0.0,1.0,1.0
1.0,1.3436529e-21,6.411522e-16,0.0,1.0,1.0,6.30635e-22
1.0,0.4287047,6.706447e-06,0.9999994,2.112924e-13,1.0,1.0
1.0,0.0,0.0,0.0,1.0,1.0,0.0
0.99400115,0.89155334,0.2305251,0.051532835,0.00021187786,0.99632955,0.99280286
0.94952273,0.0054399995,0.030362545,2.144938e-06,0.9642928,0.93292356,0.0055100056
1.0,5.4829284e-06,3.8304243e-23,1.0,0.0,1.0,1.0
0.9689859,0.001801353,0.013718738,1.6619602e-07,0.9830932,0.9581457,0.0019180888
0.75123477,0.32608864,0.2921819,0.011222006,0.2885549,0.7347212,0.24193022
0.9999998,0.8254505,0.00702139,0.9990058,3.961607e-08,1.0,1.0
0.9632645,0.0025142415,0.01789374,4.3938186e-07,0.979582,0.95142376,0.0029792194
0.8887711,0.034850366,0.10702172,0.00015385098,0.8827667,0.8610967,0.031440698
0.9999992,5.6332742e-12,8.030719e-09,1.8272776e-26,1.0,0.9999991,3.971835e-12
0.9999984,0.8663298,0.022528531,0.99507517,2.7733282e-07,1.0,0.99999994
0.9996917,0.9648395,0.38602442,0.6615108,2.834347e-05,0.99997234,0.9999415
0.9294113,0.5735166,0.18730272,0.009999472,0.025916401,0.92564046,0.66276705
1.0,1.0516678e-05,2.2198084e-22,1.0,0.0,1.0,1.0
1.0,1.8249765e-29,0.0,1.0,0.0,1.0,1.0
1.0,2.6150978e-27,3.4736516e-20,0.0,1.0,1.0,1.0330724e-27
0.92377645,0.013566021,0.0588928,1.9123263e-05,0.93207985,0.9001899,0.013951885
0.99440855,7.406564e-05,0.0016009613,1.6065597e-10,0.99943155,0.9925065,5.4599375e-05
1.0,0.0,0.0,0.0,1.0,1.0,0.0
1.0,0.7056807,0.0002488075,0.99998266,5.985131e-11,1.0,1.0
1.0,0.0,0.0,0.0,1.0,1.0,0.0
0.7659066,0.13466044,0.22700143,0.0025855536,0.7614579,0.7539319,0.08412645
1.0,8.072174e-34,4.877978e-25,0.0,1.0,1.0,3.9839914e-34
1.0,0.0,0.0,0.0,1.0,1.0,0.0
1.0,6.1685603e-23,0.0,1.0,0.0,1.0,1.0
0.9999131,3.4463767e-08,5.43512e-06,8.865079e-18,0.9999997,0.99989843,2.1800801e-08
1.0,0.0,0.0,0.0,1.0,1.0,0.0
1.0,0.00013415048,9.386988e-19,1.0,1.0097544e-33,1.0,1.0
0.9346566,0.012101943,0.050090507,1.1285451e-05,0.9438037,0.91733015,0.010346598
0.99999785,3.6711217e-11,3.251843e-08,1.4661336e-24,1.0,0.99999756,2.4728346e-11
0.9961567,4.1200456e-05,0.00101643,5.3655688e-11,0.9997733,0.99519813,2.7035505e-05
0.99999875,0.88108665,0.022932205,0.9953328,2.1920512e-07,1.0,0.99999994
1.0,0.0,0.0,0.0,1.0,1.0,0.0
0.9993749,1.4307661e-06,8.631236e-05,3.36061e-14,0.99999154,0.99924296,8.551283e-07
1.0,0.0,0.0,0.0,1.0,1.0,0.0
1.0,1.2086256e-15,0.0,1.0,0.0,1.0,1.0
1.0,1.3580355e-09,4.114379e-34,1.0,0.0,1.0,1.0
0.9095803,0.24116406,0.10046745,0.0007472261,0.06272751,0.91390556,0.25805348
0.9998998,0.958711,0.26512522,0.8312,8.489071e-06,0.9999962,0.99998736
1.0,0.123878084,1.4534157e-08,1.0,9.876213e-18,1.0,1.0
0.9999996,1.8950761e-12,3.5594527e-09,1.4405737e-27,1.0,0.99999946,1.4147679e-12
1.0,0.0,1.2657454e-29,0.0,1.0,1.0,0.0
1.0,9.649765e-11,2.446041e-37,1.0,0.0,1.0,1.0
0.9582093,0.003283265,0.021815103,8.0536984e-07,0.97502774,0.9449044,0.003821803
0.7134918,0.2315119,0.3157827,0.011336168,0.59129965,0.7018635,0.16162622
1.0,0.054168668,1.2296918e-09,1.0,3.7507026e-19,1.0,1.0
1.0,0.12646544,7.611868e-08,1.0,3.9638654e-16,1.0,1.0
0.9859515,0.7111013,0.10078952,0.0027786766,0.0009071779,0.9866666,0.90648013
1.0,0.0,0.0,1.0,0.0,1.0,1.0
1.0,0.843104,0.0027488568,0.9997397,3.4957037e-09,1.0,1.0
1.0,0.049076207,3.6109488e-10,1.0,3.0208746e-20,1.0,1.0
0.705811,0.29509875,0.34279993,0.019230982,0.48521554,0.6938524,0.21141267
1.0,0.0,0.0,0.0,1.0,1.0,0.0
1.0,0.0,3.5468621e-31,0.0,1.0,1.0,0.0
1.0,0.060020745,2.5581508e-09,1.0,1.484275e-18,1.0,1.0
0.990572,0.00022087386,0.0035982344,1.98951e-09,0.9988407,0.987944,0.00015870354
1.0,0.022303056,2.944169e-11,1.0,7.368651e-22,1.0,1.0
1.0,0.00059044414,1.6295312e-16,1.0,3.240081e-30,1.0,1.0
1.0,0.0,0.0,0.0,1.0,1.0,0.0
1.0,0.0,0.0,1.0,0.0,1.0,1.0
1.0,2.3680689e-17,0.0,1.0,0.0,1.0,1.0
1.0,2.0937718e-09,2.1423032e-33,1.0,0.0,1.0,1.0
1.0,0.08519927,8.796247e-09,1.0,9.157625e-18,1.0,1.0
0.9512122,0.00486621,0.028966906,1.9252482e-06,0.9664709,0.93536687,0.00548758
0.7073917,0.2921431,0.32636473,0.014206115,0.44746077,0.6967801,0.1962196
0.96471554,0.0023511313,0.016723637,3.355039e-07,0.97988725,0.9529021,0.00262704
1.0,7.828444e-27,7.780777e-20,0.0,1.0,1.0,2.9211945e-27
1.0,0.034148846,1.2413276e-10,1.0,6.802529e-21,1.0,1.0
1.0,6.504621e-15,5.159938e-11,2.4750109e-33,1.0,1.0,3.4489032e-15
1.0,0.5306858,2.7736936e-05,0.9999976,2.2332945e-12,1.0,1.0
0.99999875,0.90196997,0.027015002,0.99471176,2.0077732e-07,1.0,0.99999994
1.0,0.5871887,7.071523e-05,0.9999941,1.1777017e-11,1.0,1.0
0.8136078,0.09732816,0.11520384,0.0003454481,0.52818394,0.8300261,0.05224006
1.0,0.48682496,2.6794283e-05,0.9999974,3.3854985e-12,1.0,1.0
0.8132751,0.32173967,0.21918163,0.005573783,0.17465632,0.80558276,0.26637858
1.0,0.0,0.0,1.0,0.0,1.0,1.0
0.99999994,0.862965,0.0052050017,0.9994341,1.0904554e-08,1.0,1.0
0.9030694,0.30678093,0.12761442,0.0017566083,0.060943604,0.90436876,0.3335806
1.0,3.854242e-06,1.5814639e-23,1.0,0.0,1.0,1.0
1.0,0.70156246,0.00037720907,0.99997056,1.7697187e-10,1.0,1.0
1.0,8.752054e-23,0.0,1.0,0.0,1.0,1.0
1.0,0.0,0.0,1.0,0.0,1.0,1.0
0.98399717,0.6661949,0.09443187,0.0020978362,0.0012671673,0.98434263,0.8700934
1.0,0.0,0.0,0.0,1.0,1.0,0.0
1.0,1.12415676e-26,1.0022436e-19,0.0,1.0,1.0,3.8644366e-27
0.9999776,2.707538e-09,8.139895e-07,3.0103946e-20,1.0,0.9999747,1.7412526e-09
1.0,0.0,0.0,0.0,1.0,1.0,0.0
0.99953336,0.963538,0.41530097,0.6045953,4.58836e-05,0.9999465,0.99989873
0.98641026,0.00037740977,0.0050974246,5.367601e-09,0.99685,0.9807273,0.00032739263
0.83885145,0.0520879,0.13933012,0.0003833117,0.8564676,0.81885463,0.04316015
1.0,0.27790138,7.2051563e-07,0.99999994,5.9516275e-15,1.0,1.0
0.999687,0.9414382,0.26862368,0.69051456,3.0607505e-05,0.9999761,0.99993366
1.0,1.3654332e-12,0.0,1.0,0.0,1.0,1.0
1.0,0.0,0.0,0.0,1.0,1.0,0.0
1.0,6.3016507e-25,0.0,1.0,0.0,1.0,1.0
0.8656779,0.033970553,0.107928514,0.00014741109,0.88899046,0.8447392,0.029718013
1.0,0.13551855,3.168605e-08,1.0,4.450253e-17,1.0,1.0
1.0,0.0,3.9260016e-32,0.0,1.0,1.0,0.0
0.97636336,0.0010234046,0.008949936,4.0604608e-08,0.9884922,0.9677566,0.001043282
0.7690097,0.21412194,0.20899975,0.0028613056,0.3573268,0.7650914,0.13959986
0.9996779,0.962101,0.36695814,0.650422,3.0405607e-05,0.99997,0.9999351
1.0,5.343813e-19,0.0,1.0,0.0,1.0,1.0
1.0,0.0,0.0,0.0,1.0,1.0,0.0
0.9999896,0.94665074,0.1049927,0.967282,1.0825822e-06,0.9999999,0.99999946
0.9918519,0.9012083,0.31313285,0.095096305,0.00079371134,0.99508935,0.99069613
1.0,0.2592791,4.221937e-07,0.99999994,2.1964668e-15,1.0,1.0
1.0,0.0,0.0,0.0,1.0,1.0,0.0
1.0,0.18906242,2.0960988e-07,1.0,1.2536257e-15,1.0,1.0
0.9999605,7.257351e-09,1.7582291e-06,2.5043369e-19,0.9999999,0.9999511,5.2590954e-09
0.9884904,0.0003064782,0.0045148153,3.889169e-09,0.99824804,0.98493886,0.000231352
0.9549734,0.42300278,0.09604065,0.001359902,0.011219169,0.9548112,0.5572754
0.9881786,0.83129144,0.15760738,0.011160042,0.00077683764,0.9893151,0.9628302
1.0,4.131411e-08,1.7883266e-29,1.0,0.0,1.0,1.0
1.0,0.7772393,0.0011784413,0.99989516,1.1979616e-09,1.0,1.0
1.0,0.0,0.0,0.0,1.0,1.0,0.0
1.0,3.8149572e-09,1.3410032e-32,1.0,0.0,1.0,1.0
1.0,8.855767e-06,2.4243402e-22,1.0,0.0,1.0,1.0
0.99383557,0.91226876,0.31312114,0.098452106,0.00030256293,0.9969295,0.99460244
0.9990288,0.9579896,0.44170314,0.48345757,0.00010350936,0.99983156,0.999723
0.9722895,0.4190387,0.06364209,0.00053758366,0.003398002,0.97377753,0.6148021
1.0,0.0,0.0,0.0,1.0,1.0,0.0
0.935999,0.3964165,0.11656914,0.002085469,0.023521388,0.93570125,0.49220657
0.99999577,0.8888371,0.03876943,0.9901868,6.062226e-07,1.0,0.9999998
1.0,0.036257267,3.4482545e-10,1.0,6.0530673e-20,1.0,1.0
0.8222469,0.6569469,0.43234664,0.16229963,0.13714115,0.8085216,0.7012234
1.0,0.0,0.0,0.0,1.0,1.0,0.0
0.7328524,0.18919657,0.27638048,0.0061237244,0.69055426,0.7212657,0.120744385
1.0,0.0,0.0,0.0,1.0,1.0,0.0
1.0,0.0,0.0,0.0,1.0,1.0,0.0
0.9918579,0.8962329,0.27136704,0.06758411,0.000601998,0.994583,0.98939514
1.0,0.3563128,3.8395856e-06,0.9999996,1.225276e-13,1.0,1.0
1.0,0.0,0.0,1.0,0.0,1.0,1.0
0.9940898,7.55935e-05,0.0015940412,1.5504482e-10,0.9992811,0.99172086,6.0058817e-05
0.9948243,0.91698265,0.342491,0.13442127,0.00029744784,0.99763155,0.9961806
0.99999994,0.8641275,0.00493395,0.9994767,9.443677e-09,1.0,1.0
0.81194437,0.13381422,0.12916967,0.0006692848,0.37270558,0.8208697,0.085145265
1.0,0.6369301,0.00030906504,0.9999712,2.4097177e-10,1.0,1.0
1.0,0.5988578,8.369382e-05,0.9999931,1.555729e-11,1.0,1.0
0.99998134,0.92841464,0.099464186,0.96551603,1.9310312e-06,0.9999998,0.99999887
0.9901397,0.8506236,0.16934302,0.016047606,0.00053688907,0.9915912,0.97563237
0.99334985,0.8906746,0.2302047,0.045039427,0.0002795052,0.9953874,0.99084175
1.0,0.006921052,4.3453481e-13,1.0,7.2460197e-25,1.0,1.0
1.0,0.024231799,5.9492564e-11,1.0,3.0503903e-21,1.0,1.0
1.0,0.47950953,2.2429002e-05,0.99999785,2.3613503e-12,1.0,1.0
1.0,6.986018e-11,6.8439086e-38,1.0,0.0,1.0,1.0
1.0,0.0,0.0,0.0,1.0,1.0,0.0
1.0,0.77970964,0.0014319898,0.9998652,1.8575638e-09,1.0,1.0
1.0,0.794584,0.001131087,0.9999056,8.628774e-10,1.0,1.0
1.0,0.41830847,1.3490948e-05,0.99999857,1.3101396e-12,1.0,1.0
1.0,0.8481986,0.001992101,0.99983275,1.4904805e-09,1.0,1.0
1.0,0.0,0.0,1.0,0.0,1.0,1.0
1.0,0.4689237,8.814977e-06,0.9999992,2.6686487e-13,1.0,1.0
0.9712683,0.001484013,0.011918188,1.1297777e-07,0.9855556,0.9614957,0.0016521926
0.9999899,0.94162464,0.09583248,0.9708635,1.07738e-06,0.99999994,0.99999946
0.7382088,0.17518982,0.26640335,0.0052752956,0.71244997,0.7270331,0.11331205
0.9479088,0.22910278,0.061551984,0.00022624382,0.019637028,0.9527716,0.29872683
1.0,0.3479477,4.543708e-06,0.9999995,2.0305842e-13,1.0,1.0
1.0,0.0,0.0,0.0,1.0,1.0,0.0
0.982652,0.7363534,0.12817125,0.0048255706,0.0017731923,0.98233575,0.8992712
1.0,0.0,0.0,0.0,1.0,1.0,0.0
1.0,1.6647894e-08,1.2820873e-30,1.0,0.0,1.0,1.0
0.9999971,0.8784792,0.031188205,0.9924639,4.5541967e-07,1.0,0.9999999
1.0,0.0,0.0,0.0,1.0,1.0,0.0
1.0,7.291603e-18,0.0,1.0,0.0,1.0,1.0
1.0,7.9534726e-11,1.9929e-37,1.0,0.0,1.0,1.0
1.0,0.15226226,1.16137095e-07,1.0,6.13224e-16,1.0,1.0
0.95545924,0.003993185,0.02455291,1.114505e-06,0.9701225,0.94069904,0.004338188
0.7260814,0.3632958,0.35509023,0.030187618,0.36419377,0.70375943,0.29572698
1.0,0.0001696864,2.5243943e-18,1.0,5.2871425e-33,1.0,1.0
1.0,0.011941554,3.0208175e-12,1.0,1.766062e-23,1.0,1.0
1.0,0.0,0.0,0.0,1.0,1.0,0.0
1.0,0.07481243,5.342923e-09,1.0,4.276794e-18,1.0,1.0
1.0,0.0,0.0,1.0,0.0,1.0,1.0
1.0,0.79148614,0.00081376894,0.999938,4.02633e-10,1.0,1.0
1.0,4.7042e-35,0.0,1.0,0.0,1.0,1.0
0.9999999,1.99505e-13,7.1598805e-10,8.688323e-30,1.0,0.9999998,1.7129039e-13
1.0,0.0003011726,1.2452217e-17,1.0,4.7422425e-32,1.0,1.0
1.0,0.0,2.8942145e-30,0.0,1.0,1.0,0.0
0.98061234,0.57770205,0.08101132,0.0012487499,0.0018392369,0.98112595,0.79611146
1.0,0.63401484,0.00015047828,0.9999877,4.317594e-11,1.0,1.0
1.0,1.5752494e-06,8.843869e-25,1.0,0.0,1.0,1.0
1.0,0.0,0.0,0.0,1.0,1.0,0.0
1.0,2.6453586e-08,5.0050676e-30,1.0,0.0,1.0,1.0
1.0,0.0,0.0,0.0,1.0,1.0,0.0
1.0,0.0,0.0,0.0,1.0,1.0,0.0
1.0,0.0,8.223116e-37,0.0,1.0,1.0,0.0
1.0,0.0,0.0,0.0,1.0,1.0,0.0
1.0,0.0,0.0,1.0,0.0,1.0,1.0
1.0,0.0002918104,5.3669625e-18,1.0,7.487876e-33,1.0,1.0
0.99924123,2.0546272e-06,0.00011288895,7.462114e-14,0.99998814,0.99907595,1.2273279e-06
1.0,0.0,0.0,0.0,1.0,1.0,0.0
1.0,0.00044839553,1.0231946e-16,1.0,2.2183264e-30,1.0,1.0
1.0,1.2156353e-15,0.0,1.0,0.0,1.0,1.0
1.0,0.25705162,8.983461e-07,0.9999999,1.3196634e-14,1.0,1.0
1.0,1.2424527e-37,0.0,1.0,0.0,1.0,1.0
1.0,0.23343487,5.5457895e-07,0.99999994,5.949017e-15,1.0,1.0
1.0,0.0,1.6508221e-32,0.0,1.0,1.0,0.0
1.0,0.0,0.0,0.0,1.0,1.0,0.0
0.99999994,0.79846114,0.004804378,0.99935794,2.4381855e-08,1.0,1.0
0.994077,0.91085863,0.29728523,0.084993586,0.00024262184,0.99697405,0.9946319
0.9809974,0.0008814603,0.009343179,3.7440834e-08,0.99481547,0.97461206,0.00071736367
1.0,7.484425e-17,2.043118e-12,9.552195e-38,1.0,1.0,4.1102886e-17
0.9996154,0.96068573,0.37170777,0.61981916,3.705763e-05,0.9999596,0.9999161
0.999998,0.9297391,0.04305769,0.99113625,2.6529767e-07,1.0,0.99999994
0.99998766,0.9492383,0.116656214,0.9617318,1.2464118e-06,0.9999999,0.9999993
0.9999996,0.90345687,0.017393412,0.99738884,7.479377e-08,1.0,1.0
1.0,0.6138252,7.7380704e-05,0.99999404,1.0689954e-11,1.0,1.0
1.0,1.2433188e-05,4.5164273e-22,1.0,0.0,1.0,1.0
1.0,5.0082844e-19,0.0,1.0,0.0,1.0,1.0
0.8221799,0.13881339,0.22723316,0.003667594,0.71047187,0.79379565,0.11489444
1.0,2.3396032e-34,0.0,1.0,0.0,1.0,1.0
0.9860172,0.00038102453,0.004896248,4.9424242e-09,0.9961126,0.97960883,0.0003528217
1.0,0.025979746,1.1489824e-10,1.0,1.1651085e-20,1.0,1.0
0.9283722,0.011862284,0.053425107,1.3701867e-05,0.93852824,0.906186,0.012067087
1.0,0.0,0.0,1.0,0.0,1.0,1.0
0.9347765,0.38719416,0.115685485,0.0019799892,0.024656057,0.9346509,0.47912663
1.0,0.0,0.0,0.0,1.0,1.0,0.0
1.0,0.554067,2.8423783e-05,0.99999774,1.8082356e-12,1.0,1.0
1.0,0.0061145197,5.169143e-13,1.0,1.5111511e-24,1.0,1.0
1.0,0.6989716,0.00027363034,0.9999802,8.1690564e-11,1.0,1.0
0.9900309,0.869527,0.2007083,0.026881345,0.00068079797,0.99158734,0.97901297
1.0,0.4065833,4.8249753e-06,0.9999996,1.2092885e-13,1.0,1.0
0.9999813,0.9347197,0.10812002,0.9620562,1.8965482e-06,0.9999998,0.99999887
0.9867725,0.74592394,0.111518025,0.00376433,0.0008005465,0.9875924,0.9267331
0.72311914,0.22590832,0.2726371,0.0057679284,0.5180407,0.7232101,0.13577653
1.0,0.00031947368,1.303792e-17,1.0,4.5367285e-32,1.0,1.0
1.0,0.0,1.3304398e-33,0.0,1.0,1.0,0.0
1.0,0.4760734,2.7380333e-05,0.99999726,4.007853e-12,1.0,1.0
0.99974346,0.95369774,0.30427623,0.7061597,2.4191982e-05,0.9999814,0.9999516
1.0,0.004063542,8.220233e-14,1.0,5.432857e-26,1.0,1.0
0.9999384,0.9571781,0.2273855,0.8833435,5.183323e-06,0.99999833,0.99999356
1.0,0.37430388,5.9845456e-06,0.99999934,2.9270214e-13,1.0,1.0
0.861098,0.3818803,0.19782986,0.006066472,0.0929688,0.8559736,0.37476304
0.9727716,0.0013817409,0.011202054,8.428414e-08,0.98568267,0.9630493,0.001433922
0.7428415,0.18161649,0.2800356,0.0067732306,0.6566952,0.72686124,0.13382258
1.0,1.6399027e-22,0.0,1.0,0.0,1.0,1.0
0.99998766,0.9153618,0.073233806,0.97771364,1.4003374e-06,0.99999994,0.9999994
1.0,0.07039112,3.1422365e-09,1.0,1.5342737e-18,1.0,1.0
0.93741435,0.00882915,0.043043606,6.6637253e-06,0.9504472,0.91786087,0.008843216
1.0,0.112763636,2.0326706e-08,1.0,2.736758e-17,1.0,1.0
1.0,1.8051629e-26,0.0,1.0,0.0,1.0,1.0
0.7560977,0.18351613,0.27914053,0.0072837113,0.6563692,0.736259,0.13984321
0.93882716,0.27737886,0.081587836,0.00055955147,0.025378656,0.94251025,0.344839
1.0,9.860877e-05,5.968737e-19,1.0,7.863675e-34,1.0,1.0
1.0,2.7866124e-14,0.0,1.0,0.0,1.0,1.0
1.0,1.8742976e-07,2.7474762e-27,1.0,0.0,1.0,1.0
0.9999897,0.9370917,0.0903165,0.9726838,1.1186303e-06,0.99999994,0.99999946
1.0,0.0,0.0,0.0,1.0,1.0,0.0
0.9970009,0.926778,0.36990413,0.24091527,0.00026057943,0.99895704,0.9983511
1.0,3.8298298e-05,2.345598e-20,1.0,4.7998536e-36,1.0,1.0
1.0,2.5177138e-38,1.9279204e-28,0.0,1.0,1.0,0.0
0.99999994,1.74835e-14,1.1729968e-10,2.9543585e-32,1.0,0.99999994,1.32373225e-14
0.9951909,0.9235389,0.4056258,0.19012596,0.00049206906,0.99786615,0.9968144
1.0,0.00012509097,3.357866e-19,1.0,1.0788661e-34,1.0,1.0
1.0,0.0,0.0,1.0,0.0,1.0,1.0
1.0,1.1460893e-07,5.537026e-28,1.0,0.0,1.0,1.0
1.0,0.0,0.0,0.0,1.0,1.0,0.0
0.9999998,0.85235435,0.00844365,0.99884087,3.9415134e-08,1.0,1.0
1.0,0.0022916014,6.079092e-15,1.0,4.88803e-28,1.0,1.0
0.9999999,1.6304974e-13,5.893748e-10,4.88741e-30,1.0,0.9999999,1.1956353e-13
1.0,0.044572666,1.3038792e-09,1.0,7.1764996e-19,1.0,1.0
0.999297,1.7822371e-06,0.0001015809,5.4561302e-14,0.99998957,0.99914587,1.0644931e-06
0.99771696,0.9392018,0.40915796,0.30035013,0.0002309174,0.9993347,0.9989602
1.0,0.00021780052,8.426428e-18,1.0,4.4084682e-32,1.0,1.0
1.0,0.0,0.0,0.0,1.0,1.0,0.0
1.0,0.0,0.0,1.0,0.0,1.0,1.0
1.0,0.0,0.0,0.0,1.0,1.0,0.0
1.0,0.0,0.0,1.0,0.0,1.0,1.0
1.0,3.5571175e-17,1.1904206e-12,0.0,1.0,1.0,1.952682e-17
0.99997926,2.2107003e-09,7.095291e-07,1.9060778e-20,1.0,0.99997574,1.5250669e-09
1.0,0.20437661,6.050045e-07,0.99999994,1.1029798e-14,1.0,1.0
1.0,0.61111784,0.00011215675,0.99999064,2.7687254e-11,1.0,1.0
1.0,4.371277e-24,8.838067e-18,0.0,1.0,1.0,1.7811621e-24
1.0,0.37127405,5.2827218e-06,0.99999946,2.236657e-13,1.0,1.0
0.9999885,0.9458042,0.10755793,0.9656657,1.1921892e-06,0.9999999,0.99999934
1.0,0.04105172,1.37382e-10,1.0,5.28536e-21,1.0,1.0
1.0,3.974901e-06,1.7368986e-23,1.0,0.0,1.0,1.0
1.0,0.0,0.0,0.0,1.0,1.0,0.0
1.0,1.287285e-06,6.2190466e-25,1.0,0.0,1.0,1.0
1.0,2.8203585e-05,1.1737719e-20,1.0,2.1316289e-36,1.0,1.0
1.0,0.49468565,1.5686197e-05,0.9999986,8.2355845e-13,1.0,1.0
1.0,0.014601758,7.1093864e-12,1.0,7.916602e-23,1.0,1.0
1.0,0.0,0.0,0.0,1.0,1.0,0.0
0.9912884,0.00014771531,0.002536671,6.421675e-10,0.9985568,0.987528,0.00012581889
0.99999994,0.85377616,0.00524052,0.99940634,1.3011396e-08,1.0,1.0
0.9590414,0.0033455228,0.02161515,7.286884e-07,0.97371846,0.9451578,0.0036098338
0.99952745,0.95838714,0.37018615,0.5808096,4.608044e-05,0.99994314,0.99988645
1.0,0.0,0.0,1.0,0.0,1.0,1.0
1.0,0.0,0.0,1.0,0.0,1.0,1.0
1.0,3.584172e-15,0.0,1.0,0.0,1.0,1.0
1.0,5.293594e-09,2.923439e-32,1.0,0.0,1.0,1.0
0.9973717,0.92089903,0.30926654,0.2323159,0.00015275537,0.9991768,0.9986223
1.0,0.0,0.0,1.0,0.0,1.0,1.0
0.9999925,0.9449785,0.09043614,0.97396404,8.143575e-07,0.99999994,0.99999964
1.0,0.03633804,2.1836566e-10,1.0,2.1167203e-20,1.0,1.0
0.94658035,0.0060465503,0.033555973,2.9995858e-06,0.96003,0.929086,0.006571759
1.0,1.9327104e-24,4.5898714e-18,0.0,1.0,1.0,6.323757e-25
0.9912494,0.8839426,0.22829871,0.042350862,0.00058854173,0.99311626,0.9852674
0.9950783,0.9178357,0.3456904,0.13937464,0.00028062533,0.99778277,0.99647933
0.9999899,5.666081e-10,2.6066206e-07,8.34656e-22,1.0,0.9999877,4.502504e-10
0.9970585,0.9299401,0.3843101,0.2430292,0.00027104604,0.99897814,0.99839664
1.0,0.000337686,3.3946652e-17,1.0,3.5587073e-31,1.0,1.0
0.99981487,0.95313764,0.28043264,0.75796807,1.6733817e-05,0.9999896,0.99996954
1.0,8.073279e-20,0.0,1.0,0.0,1.0,1.0
1.0,0.0,0.0,0.0,1.0,1.0,0.0
1.0,6.144012e-33,0.0,1.0,0.0,1.0,1.0
1.0,0.6898194,0.0002411521,0.9999825,6.703936e-11,1.0,1.0
1.0,0.0,0.0,1.0,0.0,1.0,1.0
1.0,0.008815828,9.540425e-13,1.0,2.516157e-24,1.0,1.0
1.0,0.0,0.0,0.0,1.0,1.0,0.0
1.0,0.8595202,0.003534265,0.9996582,4.725503e-09,1.0,1.0
1.0,0.0,4.6769777e-38,0.0,1.0,1.0,0.0
0.9999573,0.9522087,0.18654844,0.9148383,3.7067691e-06,0.99999917,0.9999962
1.0,8.369691e-07,2.0587248e-25,1.0,0.0,1.0,1.0
1.0,2.0185993e-08,2.286981e-30,1.0,0.0,1.0,1.0
1.0,4.0597356e-06,2.4130733e-23,1.0,0.0,1.0,1.0
1.0,0.3744519,6.581508e-06,0.9999993,3.6841718e-13,1.0,1.0
0.9951259,0.9187679,0.36436066,0.16764146,0.00036351007,0.9978284,0.99666095
1.0,1.1357066e-14,0.0,1.0,0.0,1.0,1.0
1.0,0.003988819,6.998571e-14,1.0,3.8844066e-26,1.0,1.0
1.0,0.0,6.481453e-33,0.0,1.0,1.0,0.0
0.9996673,4.0321177e-07,3.480802e-05,1.825205e-15,0.99999636,0.9995741,2.6833942e-07
1.0,0.0,0.0,0.0,1.0,1.0,0.0
0.9997092,0.95735055,0.3307969,0.67716074,2.767015e-05,0.9999759,0.99994254
1.0,5.4825896e-28,1.0602852e-20,0.0,1.0,1.0,2.0309757e-28
1.0,2.673888e-27,3.463265e-20,0.0,1.0,1.0,9.666501e-28
0.98360145,0.0005438941,0.0062096026,1.0550525e-08,0.9943574,0.97620076,0.00051509356
0.99999905,0.9277184,0.03093074,0.9946565,1.3648504e-07,1.0,1.0
0.99999964,0.8624177,0.012451207,0.9980193,8.108883e-08,1.0,1.0
1.0,0.0,1.1169397e-29,0.0,1.0,1.0,0.0
1.0,0.0,0.0,1.0,0.0,1.0,1.0
1.0,0.0,0.0,0.0,1.0,1.0,0.0
1.0,0.55884135,4.2407013e-05,0.9999964,4.6207955e-12,1.0,1.0
1.0,0.0006475603,5.0298696e-16,1.0,3.548977e-29,1.0,1.0
1.0,6.259049e-34,3.6510406e-25,0.0,1.0,1.0,2.2853713e-34
1.0,3.8027686e-08,1.8241134e-29,1.0,0.0,1.0,1.0
0.9996265,5.1812435e-07,4.139631e-05,3.3306104e-15,0.999996,0.9995341,3.3072166e-07
1.0,0.0,0.0,0.0,1.0,1.0,0.0
1.0,0.0,0.0,0.0,1.0,1.0,0.0
1.0,0.0,0.0,0.0,1.0,1.0,0.0
0.70859694,0.25760743,0.3103917,0.010011889,0.5105723,0.70413315,0.1626016
0.99923754,2.1516948e-06,0.00011539274,8.742802e-14,0.9999892,0.9990928,1.2363855e-06
1.0,1.2925425e-22,0.0,1.0,0.0,1.0,1.0
1.0,0.0,0.0,0.0,1.0,1.0,0.0
0.9999999,1.6445962e-13,5.717114e-10,4.5863253e-30,1.0,0.9999999,1.0663835e-13
1.0,0.0,0.0,0.0,1.0,1.0,0.0
1.0,0.00025435715,6.7855892e-18,1.0,1.812285e-32,1.0,1.0
0.92817044,0.3754071,0.1207485,0.0020851404,0.030180024,0.92811733,0.45332175
1.0,1.9756971e-27,0.0,1.0,0.0,1.0,1.0
0.98343384,0.6593294,0.09474542,0.0020507153,0.0013867345,0.98361254,0.8619822
1.0,0.0,0.0,0.0,1.0,1.0,0.0
1.0,0.00058255286,1.0177214e-16,1.0,1.124176e-30,1.0,1.0
0.99999917,0.8480611,0.015345154,0.9970477,1.6600498e-07,1.0,1.0
0.8804986,0.4388799,0.2031744,0.008153367,0.065297924,0.8733299,0.4640467
1.0,0.09248897,1.6292516e-08,1.0,2.9032345e-17,1.0,1.0
1.0,0.0,0.0,1.0,0.0,1.0,1.0
1.0,7.079803e-09,1.1611842e-31,1.0,0.0,1.0,1.0
1.0,0.86232513,0.004086482,0.99959034,6.300739e-09,1.0,1.0
0.99991935,2.8287442e-08,4.7989056e-06,5.2865783e-18,0.9999997,0.99990135,1.9148274e-08
1.0,0.0,0.0,0.0,1.0,1.0,0.0
0.998436,7.355534e-06,0.00029566605,1.1081049e-12,0.9999479,0.9979805,4.7848985e-06
1.0,1.4773507e-13,0.0,1.0,0.0,1.0,1.0
0.89686346,0.027263263,0.093332246,9.410659e-05,0.8994428,0.86890197,0.02612903
0.9589952,0.27133864,0.057455994,0.00023494713,0.009906166,0.9629395,0.384617
0.96865106,0.0015609242,0.0127489865,1.4964097e-07,0.9854418,0.9588693,0.0018871668
1.0,0.0,0.0,0.0,1.0,1.0,0.0
0.99962723,5.0443833e-07,4.0934658e-05,3.0366877e-15,0.9999957,0.9995261,3.3081406e-07
0.7566155,0.13727942,0.23815443,0.0031625887,0.742936,0.74516237,0.0954944
1.0,5.480875e-09,3.3013624e-32,1.0,0.0,1.0,1.0
1.0,0.0045512933,1.4218467e-13,1.0,1.4963109e-25,1.0,1.0
1.0,0.6868894,0.00015574545,0.9999895,2.3845424e-11,1.0,1.0
0.8505839,0.13830705,0.1051637,0.00043980664,0.24790028,0.86099005,0.1010347
0.9999967,6.828054e-11,5.252642e-08,6.431583e-24,1.0,0.999996,5.7748462e-11
0.99779624,0.9452226,0.4518151,0.3275594,0.00024725456,0.9994027,0.99907756
0.9999757,0.92865866,0.10958213,0.9589227,2.4174142e-06,0.9999997,0.9999984
1.0,2.0502533e-17,7.851707e-13,0.0,1.0,1.0,1.0756413e-17
1.0,0.0,5.1598278e-31,0.0,1.0,1.0,0.0
0.75473887,0.25807112,0.24962157,0.005399003,0.34504184,0.74541414,0.17420232
0.99999976,6.581265e-13,1.6458797e-09,1.252007e-28,1.0,0.9999997,4.996516e-13
1.0,0.0,0.0,1.0,0.0,1.0,1.0
1.0,0.0,0.0,0.0,1.0,1.0,0.0
1.0,0.0,0.0,0.0,1.0,1.0,0.0
0.999971,4.515096e-09,1.1869956e-06,9.504448e-20,0.99999994,0.99996746,2.8311664e-09
0.999846,9.5571124e-08,1.1899145e-05,7.737486e-17,0.99999905,0.9998078,6.392961e-08
1.0,0.008723865,1.1850718e-12,1.0,4.3310925e-24,1.0,1.0
1.0,5.1759653e-05,3.0845126e-20,1.0,4.0160925e-36,1.0,1.0
0.9117972,0.02101571,0.07580542,4.4718974e-05,0.9158102,0.8884256,0.018877555
0.75238717,0.1451161,0.24150078,0.003453607,0.7505963,0.74218094,0.09570928
1.0,9.682455e-26,5.1027216e-19,0.0,1.0,1.0,3.6582324e-26
0.98211247,0.0006034212,0.0063423584,1.2325077e-08,0.99310005,0.9746779,0.0005902047
1.0,0.0,0.0,0.0,1.0,1.0,0.0
0.9999998,0.8842475,0.0115531385,0.9984364,4.446201e-08,1.0,1.0
1.0,5.047553e-16,8.59324e-12,8.212181e-36,1.0,1.0,3.3220442e-16
0.7705143,0.1298207,0.22060077,0.002207631,0.75635886,0.7575136,0.07976703
1.0,5.111083e-25,0.0,1.0,0.0,1.0,1.0
1.0,0.0005220785,1.0195633e-16,1.0,1.4927722e-30,1.0,1.0
1.0,2.5246435e-11,0.0,1.0,0.0,1.0,1.0
0.9928832,8.98826e-05,0.0016834225,1.8560115e-10,0.99879384,0.9893787,8.76825e-05
0.99998534,0.91665065,0.079175785,0.9747116,1.6172654e-06,0.9999999,0.9999992
1.0,0.1895332,3.2961174e-07,0.99999994,3.532982e-15,1.0,1.0
1.0,0.05299725,5.3012195e-10,1.0,5.905747e-20,1.0,1.0
1.0,0.0,0.0,0.0,1.0,1.0,0.0
1.0,5.1960082e-18,2.9957138e-13,0.0,1.0,1.0,3.1618698e-18
1.0,0.0,0.0,0.0,1.0,1.0,0.0
0.99999934,0.8945001,0.019356776,0.996714,1.1627463e-07,1.0,1.0
1.0,0.43965015,9.938848e-06,0.99999905,4.9039885e-13,1.0,1.0
1.0,5.7353074e-11,6.3961837e-38,1.0,0.0,1.0,1.0
1.0,0.0,0.0,0.0,1.0,1.0,0.0
1.0,2.0938121e-05,3.8090516e-21,1.0,3.264622e-37,1.0,1.0
1.0,2.398931e-06,2.7515709e-24,1.0,0.0,1.0,1.0
0.9678672,0.0019272023,0.014433079,2.0282829e-07,0.9824169,0.95685935,0.0021062745
1.0,0.0,0.0,0.0,1.0,1.0,0.0
1.0,0.00044077492,6.2418394e-17,1.0,7.3751705e-31,1.0,1.0
1.0,1.4152316e-24,3.846951e-18,0.0,1.0,1.0,5.8652977e-25
0.9994014,0.95848054,0.38998076,0.5408677,5.8269812e-05,0.9999165,0.9998463
1.0,0.5406233,0.00010500255,0.999989,5.189093e-11,1.0,1.0
0.9999809,0.92862916,0.10052467,0.96494913,1.9681427e-06,0.9999998,0.99999887
0.9055792,0.023319049,0.0831864,6.165761e-05,0.90758556,0.8790571,0.02195372
1.0,0.000994449,1.0785637e-15,1.0,7.076154e-29,1.0,1.0
1.0,9.359029e-34,5.3267626e-25,0.0,1.0,1.0,4.339918e-34
1.0,0.0,0.0,0.0,1.0,1.0,0.0
1.0,7.367659e-17,2.0928263e-12,9.881465e-38,1.0,1.0,4.5779646e-17
0.9993104,1.5865658e-06,9.5820484e-05,3.756598e-14,0.9999874,0.9991117,1.0367496e-06
0.99789757,0.9448113,0.4407826,0.32861012,0.00023177855,0.999433,0.9991206
1.0,0.0,0.0,1.0,0.0,1.0,1.0
1.0,0.74587953,0.0007377094,0.99993795,5.627684e-10,1.0,1.0
0.99990904,0.9484311,0.21866712,0.86272377,7.690445e-06,0.9999972,0.99998903
0.9999997,1.1055567e-12,2.3700353e-09,3.959716e-28,1.0,0.99999964,7.5497323e-13
0.9865049,0.80216575,0.14547046,0.0079769995,0.0010277472,0.987242,0.9464773
1.0,0.16580431,8.637724e-08,1.0,2.429504e-16,1.0,1.0
1.0,0.0,0.0,0.0,1.0,1.0,0.0
1.0,0.0012694703,1.8547684e-15,1.0,1.3537425e-28,1.0,1.0
0.9705142,0.0018650551,0.013973647,1.5644164e-07,0.9830754,0.95952636,0.0017850973
1.0,0.058998324,1.0153479e-09,1.0,1.9364496e-19,1.0,1.0
0.9986233,5.953828e-06,0.00025125916,7.2316903e-13,0.9999613,0.9982519,3.7587054e-06
1.0,0.090362996,1.4702873e-08,1.0,2.4599329e-17,1.0,1.0
1.0,0.0,7.5186843e-38,0.0,1.0,1.0,0.0
1.0,4.418958e-09,3.2221317e-32,1.0,0.0,1.0,1.0
1.0,0.0,7.835247e-37,0.0,1.0,1.0,0.0
1.0,0.39773408,7.703643e-06,0.9999992,4.16428e-13,1.0,1.0
1.0,9.451945e-21,0.0,1.0,0.0,1.0,1.0
0.72185934,0.21102051,0.2983532,0.008496651,0.63932496,0.70888984,0.14182805
1.0,0.0,0.0,0.0,1.0,1.0,0.0
1.0,9.1295914e-23,0.0,1.0,0.0,1.0,1.0
0.99999005,0.9064952,0.061715845,0.98207784,1.1916198e-06,0.99999994,0.9999995
0.9997258,3.1851877e-07,2.7816486e-05,1.3082823e-15,0.9999982,0.99968594,1.831304e-07
0.9999743,3.3675354e-09,9.610533e-07,5.0091037e-20,0.99999994,0.9999706,2.2253932e-09
0.95818263,0.0034752337,0.02221522,8.0839163e-07,0.973047,0.94419384,0.0037866323
1.0,0.0,0.0,0.0,1.0,1.0,0.0
1.0,0.2693976,1.2261662e-06,0.9999999,2.3286613e-14,1.0,1.0
1.0,0.0,0.0,0.0,1.0,1.0,0.0
1.0,0.06210922,1.4071272e-09,1.0,3.5261888e-19,1.0,1.0
1.0,0.0,0.0,0.0,1.0,1.0,0.0
1.0,4.442188e-21,1.6365776e-15,0.0,1.0,1.0,2.4889822e-21
1.0,0.009950926,1.7421636e-12,1.0,7.688352e-24,1.0,1.0
0.9906454,0.84755033,0.16354467,0.014680523,0.0004464026,0.99221295,0.9769269
1.0,4.0675752e-35,0.0,1.0,0.0,1.0,1.0
1.0,7.0007515e-09,6.875854e-32,1.0,0.0,1.0,1.0
1.0,1.0681244e-06,2.7207376e-25,1.0,0.0,1.0,1.0
1.0,0.0,0.0,0.0,1.0,1.0,0.0
0.99998677,0.95587707,0.13491409,0.9540266,1.2857711e-06,0.9999998,0.9999992
1.0,0.0,0.0,1.0,0.0,1.0,1.0
1.0,0.00040755174,5.4585367e-17,1.0,6.6032967e-31,1.0,1.0
0.9959944,4.851019e-05,0.001113612,8.5622745e-11,0.99979913,0.9952032,2.9681973e-05
0.9999996,1.8801313e-12,3.5148853e-09,1.3252621e-27,1.0,0.9999995,1.1350819e-12
0.99799865,1.1855186e-05,0.00041662948,3.2533251e-12,0.9999225,0.9974399,7.634057e-06
1.0,4.4109912e-17,0.0,1.0,0.0,1.0,1.0
0.99995923,0.9452276,0.16434073,0.92644346,3.5891728e-06,0.9999993,0.9999965
0.9470681,0.005043531,0.029841678,2.055758e-06,0.9646134,0.9310919,0.0056003095
0.99907345,2.6703594e-06,0.00014218324,1.125063e-13,0.9999768,0.9987727,1.8182172e-06
1.0,0.0,0.0,0.0,1.0,1.0,0.0
0.9695217,0.30318964,0.048267033,0.00017866868,0.004205262,0.9732538,0.4647758
1.0,3.9835354e-19,4.180872e-14,0.0,1.0,1.0,1.7842064e-19
0.75287545,0.1773006,0.2069446,0.0022806134,0.5010767,0.76373017,0.10274846
0.99999994,0.7943257,0.0033827168,0.9995971,1.1541672e-08,1.0,1.0
1.0,0.0,0.0,1.0,0.0,1.0,1.0
1.0,4.6280115e-06,2.0798422e-23,1.0,0.0,1.0,1.0
0.9957807,0.9231189,0.38781095,0.20247792,0.00040047016,0.9982375,0.9973235
0.99999994,3.2825674e-14,1.8731854e-10,1.2820624e-31,1.0,0.99999994,2.5728778e-14
0.9988385,5.045196e-06,0.00020887968,6.2637254e-13,0.9999813,0.9986715,2.695541e-06
1.0,1.0093088e-05,4.263331e-22,1.0,0.0,1.0,1.0
1.0,0.19670519,4.468079e-07,0.99999994,6.2851886e-15,1.0,1.0
1.0,0.0016202626,4.1434777e-15,1.0,4.817905e-28,1.0,1.0
0.9999884,0.9654496,0.15763956,0.9450751,1.0701892e-06,0.9999998,0.9999993
1.0,0.0,0.0,0.0,1.0,1.0,0.0
1.0,1.1638434e-05,3.3312086e-22,1.0,0.0,1.0,1.0
1.0,0.0,0.0,0.0,1.0,1.0,0.0
0.9999999,0.81577307,0.0056243693,0.9992456,2.7523859e-08,1.0,1.0
0.8238383,0.05165471,0.13607383,0.00033993024,0.85770303,0.81084114,0.040112372
0.99957585,7.1474625e-07,5.0970983e-05,7.646911e-15,0.99999607,0.9995031,4.1395276e-07
0.84856033,0.36467636,0.2016196,0.0058530765,0.11006651,0.8438653,0.342633
1.0,0.016928293,9.76379e-12,1.0,1.1374276e-22,1.0,1.0
1.0,6.003931e-10,7.6904514e-35,1.0,0.0,1.0,1.0
1.0,0.0,0.0,1.0,0.0,1.0,1.0
1.0,0.16278936,2.7159783e-07,0.99999994,3.450943e-15,1.0,1.0
1.0,3.2862996e-15,0.0,1.0,0.0,1.0,1.0
1.0,0.0,0.0,1.0,0.0,1.0,1.0
1.0,1.9140256e-10,2.4928683e-36,1.0,0.0,1.0,1.0
0.7036258,0.2528925,0.32722768,0.012955292,0.5600325,0.6944591,0.16996333
0.7262661,0.21656162,0.26406795,0.005096152,0.5287733,0.72775286,0.12908782
0.9865168,0.78528863,0.13470569,0.006299393,0.00096231163,0.98722064,0.94056606
1.0,0.11112138,3.6677047e-08,1.0,1.078913e-16,1.0,1.0
1.0,1.4364226e-23,2.1494584e-17,0.0,1.0,1.0,5.988883e-24
1.0,0.0,0.0,0.0,1.0,1.0,0.0
1.0,1.3271197e-06,1.0759577e-24,1.0,0.0,1.0,1.0
1.0,0.65695703,0.00062461436,0.99993676,1.0068509e-09,1.0,1.0
0.9999996,0.89094573,0.015508692,0.9976279,7.657272e-08,1.0,1.0
1.0,0.7419353,0.001357011,0.9998606,2.5822697e-09,1.0,1.0
0.99235517,0.8546255,0.16655196,0.01986759,0.00028221347,0.9944359,0.98488665
0.9998829,5.790274e-08,8.143078e-06,2.618635e-17,0.99999946,0.9998568,3.827152e-08
0.99702924,0.9168912,0.2925855,0.19969411,0.00013598705,0.99902695,0.9983739
0.99344426,0.9128204,0.33553344,0.12083982,0.00045573493,0.9967532,0.99437064
1.0,0.0,0.0,0.0,1.0,1.0,0.0
1.0,0.15960696,1.16902946e-07,1.0,5.426939e-16,1.0,1.0
1.0,0.0,0.0,1.0,0.0,1.0,1.0
1.0,0.0,0.0,1.0,0.0,1.0,1.0
1.0,0.0,0.0,0.0,1.0,1.0,0.0
0.9999999,0.8071187,0.0062933597,0.9990897,4.009169e-08,1.0,1.0
0.9999807,0.9415807,0.120720886,0.9566775,1.9137449e-06,0.99999976,0.99999875
0.993462,0.000102718805,0.002041825,3.4043843e-10,0.99929416,0.99134886,7.515348e-05
1.0,0.024871755,1.4083722e-10,1.0,2.0854147e-20,1.0,1.0
0.98200464,0.571551,0.0740814,0.0010878406,0.0014930896,0.9831368,0.8039636
1.0,9.448893e-07,2.814931e-25,1.0,0.0,1.0,1.0
0.99999934,3.727879e-12,6.037926e-09,7.584116e-27,1.0,0.99999917,3.1556615e-12
1.0,0.0,0.0,1.0,0.0,1.0,1.0
1.0,0.023457022,4.5227457e-11,1.0,1.7565162e-21,1.0,1.0
0.99999976,0.85776144,0.009924183,0.9985765,5.1918132e-08,1.0,1.0
0.77832925,0.12626326,0.23095042,0.0028955184,0.7414883,0.75784713,0.09613898
0.9999789,0.9390365,0.119841896,0.95637465,2.0863774e-06,0.99999976,0.9999986
1.0,8.993485e-12,0.0,1.0,0.0,1.0,1.0
0.99998844,0.91858816,0.0741604,0.9777418,1.3130275e-06,0.99999994,0.99999946
1.0,0.23957281,3.999023e-07,0.99999994,2.547159e-15,1.0,1.0
1.0,0.012015874,3.9482844e-12,1.0,3.2760478e-23,1.0,1.0
0.92490864,0.3933974,0.13016024,0.0026876684,0.032215405,0.92423207,0.47023013
1.0,0.0026610978,3.0626787e-14,1.0,1.5444205e-26,1.0,1.0
0.9678031,0.0023089312,0.016216421,2.5472414e-07,0.9804652,0.9559517,0.0021879172
0.99643534,3.0518582e-05,0.0008454205,2.2326656e-11,0.99971575,0.995186,2.287025e-05
1.0,0.0,0.0,1.0,0.0,1.0,1.0
0.8362768,0.45066288,0.25425047,0.01411015,0.102232136,0.82561636,0.431542
1.0,0.0,0.0,0.0,1.0,1.0,0.0
1.0,0.25452045,9.490082e-07,0.9999999,1.5550532e-14,1.0,1.0
0.9997728,0.9560156,0.30699426,0.7216028,2.102823e-05,0.9999846,0.9999595
0.9477898,0.005721728,0.032284763,2.6740877e-06,0.961737,0.93073267,0.006276005
0.76088846,0.16307735,0.19083393,0.0017602056,0.5103506,0.7742326,0.093130425
0.9412407,0.17452425,0.055942316,0.00013300095,0.030043194,0.94809073,0.21302068
1.0,0.6394645,0.0002988449,0.9999726,2.1533848e-10,1.0,1.0
0.99997246,0.947775,0.15006098,0.9403272,2.5691866e-06,0.9999996,0.999998
1.0,0.009455894,1.8642906e-12,1.0,1.03101935e-23,1.0,1.0
0.9970602,3.0321664e-05,0.0007532517,3.4621313e-11,0.99991196,0.99669987,1.629675e-05
0.9999534,0.93445563,0.14777277,0.93156755,4.093446e-06,0.9999992,0.9999959
0.99999994,9.7539686e-14,4.0988177e-10,1.5351369e-30,1.0,0.9999999,7.414176e-14
0.9996074,6.059059e-07,4.5409823e-05,5.1484657e-15,0.99999636,0.9995345,3.5906788e-07
1.0,6.154041e-21,0.0,1.0,0.0,1.0,1.0
0.7413516,0.17703176,0.2577004,0.0041176397,0.6599635,0.7321552,0.107572004
1.0,0.0,0.0,0.0,1.0,1.0,0.0
1.0,4.1173127e-35,0.0,1.0,0.0,1.0,1.0
1.0,0.0,0.0,0.0,1.0,1.0,0.0
1.0,0.1250678,5.1026326e-08,1.0,1.6443993e-16,1.0,1.0
1.0,1.0594798e-06,2.3866868e-25,1.0,0.0,1.0,1.0
1.0,0.72724056,0.0012169366,0.9998746,2.3483104e-09,1.0,1.0
0.9824998,0.6210384,0.086209856,0.0015719682,0.0015052949,0.9829365,0.83506227
1.0,0.0,0.0,0.0,1.0,1.0,0.0
0.99999875,1.384597e-11,1.5707379e-08,1.4881309e-25,1.0,0.99999857,9.285998e-12
0.99867016,0.9448534,0.3817781,0.40572947,0.00013585691,0.9997165,0.999517
0.94258296,0.007167429,0.037555426,4.2874967e-06,0.9557019,0.92401314,0.0075025954
0.81901443,0.10961871,0.1123061,0.00040708424,0.42586103,0.8330909,0.06485896
1.0,0.18586409,1.6434188e-07,1.0,7.5391586e-16,1.0,1.0
1.0,0.0,0.0,0.0,1.0,1.0,0.0
1.0,0.16835319,8.291036e-08,1.0,2.1154572e-16,1.0,1.0
1.0,9.211893e-06,2.7202643e-22,1.0,0.0,1.0,1.0
0.9990208,2.875802e-06,0.00015161639,1.2571755e-13,0.9999715,0.9986667,2.0607752e-06
0.9999967,7.484804e-11,5.5756043e-08,7.88844e-24,1.0,0.9999962,5.2678643e-11
1.0,0.0,0.0,0.0,1.0,1.0,0.0
1.0,2.6065575e-12,0.0,1.0,0.0,1.0,1.0
1.0,0.01018727,2.5777234e-12,1.0,1.8327468e-23,1.0,1.0
1.0,1.6152422e-05,1.3340257e-21,1.0,5.37041e-38,1.0,1.0
1.0,0.13292414,2.7518452e-08,1.0,3.4154218e-17,1.0,1.0
1.0,0.0,0.0,0.0,1.0,1.0,0.0
1.0,1.648072e-17,0.0,1.0,0.0,1.0,1.0
0.9998719,0.96899325,0.3425646,0.7720039,1.07844435e-05,0.99999326,0.99998224
0.99993867,0.9266018,0.14709705,0.92650074,5.255862e-06,0.99999887,0.99999416
0.99999934,0.87925136,0.017251635,0.99699,1.2411637e-07,1.0,1.0
0.9999952,0.9119068,0.04950969,0.9877472,6.2644096e-07,1.0,0.9999998
1.0,0.0,0.0,1.0,0.0,1.0,1.0
0.96529627,0.0023733522,0.016721472,3.03082e-07,0.978968,0.9530385,0.0024666605
1.0,0.0,5.8712512e-33,0.0,1.0,1.0,0.0
1.0,0.0,0.0,0.0,1.0,1.0,0.0
1.0,0.021781145,2.4615126e-11,1.0,5.158827e-22,1.0,1.0
1.0,0.81310713,0.0025230346,0.99974275,4.5233017e-09,1.0,1.0
1.0,0.0,0.0,0.0,1.0,1.0,0.0
1.0,1.8812231e-26,0.0,1.0,0.0,1.0,1.0
0.70993793,0.23759069,0.3001052,0.008406082,0.5519797,0.7072121,0.14792979
1.0,0.0,0.0,1.0,0.0,1.0,1.0
1.0,2.6252998e-22,0.0,1.0,0.0,1.0,1.0
1.0,0.19781291,2.1409313e-07,1.0,1.1412564e-15,1.0,1.0
1.0,0.12448977,3.751203e-08,1.0,8.2839346e-17,1.0,1.0
1.0,0.3125955,1.2081074e-06,0.9999999,1.2963845e-14,1.0,1.0
0.71337533,0.33533922,0.3438456,0.022151392,0.38494223,0.6961523,0.251411
1.0,0.0002788403,1.5239675e-17,1.0,9.1665414e-32,1.0,1.0
0.8069842,0.0650019,0.15473206,0.00055716693,0.84293514,0.7964194,0.04786163
0.9999874,0.94223785,0.10484872,0.96607685,1.3045451e-06,0.9999999,0.9999993
0.70374167,0.295245,0.33599034,0.016558813,0.4603044,0.6934686,0.20307489
0.8999238,0.36171126,0.15078546,0.0032326258,0.058479477,0.8984065,0.3977866
1.0,0.51721996,1.9690084e-05,0.99999833,1.1151952e-12,1.0,1.0
0.9944772,9.2138056e-05,0.0017344712,3.6889028e-10,0.9996839,0.9935574,5.5241257e-05
1.0,0.16816197,1.228892e-07,1.0,5.218618e-16,1.0,1.0
1.0,0.47154015,2.6167321e-05,0.9999973,3.7626534e-12,1.0,1.0
1.0,5.046509e-14,0.0,1.0,0.0,1.0,1.0
0.95589685,0.003976213,0.024455156,1.0640333e-06,0.97017103,0.94095385,0.004208516
0.760486,0.19084968,0.20516282,0.0024135995,0.4250435,0.7635814,0.11757802
1.0,0.00060911366,3.1480924e-16,1.0,1.3878286e-29,1.0,1.0
1.0,0.10323266,1.7842332e-08,1.0,2.6204936e-17,1.0,1.0
1.0,0.0,0.0,0.0,1.0,1.0,0.0
1.0,0.68870294,8.042391e-05,0.99999523,4.5327006e-12,1.0,1.0
0.99983734,0.9370567,0.21750286,0.79890853,1.4664674e-05,0.9999928,0.9999739
1.0,2.9925748e-15,3.0375168e-11,4.501247e-34,1.0,1.0,1.7825978e-15
0.9982595,9.961773e-06,0.00035841958,2.4942732e-12,0.99995077,0.997874,5.8911687e-06
1.0,0.0,0.0,1.0,0.0,1.0,1.0
0.99663955,0.9308721,0.4062671,0.22850485,0.00033226173,0.9987497,0.9981017
0.99349284,0.8843338,0.21461171,0.040370766,0.00024872145,0.99551135,0.9907511
0.99863183,0.94744533,0.40214714,0.39629424,0.00013991822,0.9997014,0.9995062
0.9932963,0.91297925,0.38194343,0.15473036,0.0007217967,0.9966557,0.9945057
0.99999994,3.963023e-14,2.011479e-10,1.7106418e-31,1.0,0.99999994,2.4839633e-14
1.0,0.20688608,4.1037387e-07,0.99999994,4.418557e-15,1.0,1.0
0.969039,0.0016890606,0.013350819,1.779763e-07,0.9847819,0.9590739,0.002045685
1.0,0.001649454,4.9216472e-15,1.0,6.9128183e-28,1.0,1.0
1.0,0.0,0.0,0.0,1.0,1.0,0.0
0.7352521,0.22359371,0.2522332,0.004597281,0.46310624,0.7353671,0.13615292
1.0,1.2589699e-06,5.9932913e-25,1.0,0.0,1.0,1.0
0.99999964,1.1372469e-12,2.4892677e-09,4.5994524e-28,1.0,0.9999996,9.0589537e-13
1.0,2.8168837e-19,3.3504402e-14,0.0,1.0,1.0,1.4237095e-19
1.0,8.430125e-18,0.0,1.0,0.0,1.0,1.0
1.0,0.07442775,3.7048686e-09,1.0,1.9088737e-18,1.0,1.0
0.88211584,0.040279675,0.11733287,0.00021878457,0.87252957,0.853576,0.036211308
1.0,2.5086393e-27,3.3514783e-20,0.0,1.0,1.0,9.731248e-28
1.0,0.0,0.0,0.0,1.0,1.0,0.0
0.9999601,0.9446402,0.16167344,0.92812943,3.5229423e-06,0.9999993,0.9999966
0.9497701,0.25769654,0.065483615,0.0003016744,0.016813094,0.9539304,0.3418785
0.9992497,0.9529674,0.37111598,0.5079484,7.4932854e-05,0.9998824,0.9997848
0.9952352,6.14187e-05,0.0013617468,1.2784032e-10,0.99966615,0.99403507,4.1059804e-05
0.9981665,0.947243,0.43936417,0.35569993,0.00020112302,0.9995426,0.99928445
1.0,0.57104385,5.3510714e-05,0.9999955,7.135932e-12,1.0,1.0
0.9970405,2.7557995e-05,0.0007409539,2.4512005e-11,0.9998816,0.99644506,1.6525259e-05
1.0,2.5324121e-05,3.0233631e-21,1.0,1.0908366e-37,1.0,1.0
1.0,0.0004911331,1.2431056e-16,1.0,2.7634281e-30,1.0,1.0
1.0,0.15693921,1.8598837e-07,1.0,1.6576829e-15,1.0,1.0
1.0,0.0003462912,2.7599593e-17,1.0,2.0718043e-31,1.0,1.0
0.77322847,0.13275258,0.19987947,0.0014214233,0.6510174,0.76679075,0.07503527
0.7993648,0.071988925,0.1632638,0.0006891355,0.8367827,0.7903731,0.05147269
0.98457885,0.00037608878,0.0043420517,4.417997e-09,0.99499744,0.9789603,0.00039939387
1.0,9.103012e-14,0.0,1.0,0.0,1.0,1.0
1.0,0.0,0.0,1.0,0.0,1.0,1.0
0.9880719,0.00029673125,0.004323567,3.2908882e-09,0.99781376,0.9836168,0.00024068898
0.9999916,0.9595481,0.123376764,0.9611488,8.264934e-07,0.99999994,0.9999996
0.99999535,0.9118477,0.048806988,0.9879927,6.0656726e-07,1.0,0.9999998
0.99255115,0.90168995,0.28307328,0.07542134,0.00048162954,0.995463,0.9913999
1.0,0.60907096,0.0002717273,0.99997276,2.4236846e-10,1.0,1.0
0.99817526,0.9461055,0.42975116,0.35037532,0.00019725648,0.99953896,0.9992754
1.0,0.7990987,0.0010482409,0.9999157,6.7396333e-10,1.0,1.0
0.98945487,0.00018377232,0.0026762178,8.9340996e-10,0.9975777,0.98501784,0.00018444237
0.95899945,0.0034138963,0.021870743,7.2714244e-07,0.97328365,0.9448237,0.0035556264
1.0,0.0,0.0,0.0,1.0,1.0,0.0
1.0,1.1391213e-14,0.0,1.0,0.0,1.0,1.0
0.9999958,1.2032324e-10,7.987904e-08,2.312544e-23,1.0,0.99999523,8.0533365e-11
1.0,0.0,0.0,0.0,1.0,1.0,0.0
1.0,5.0740165e-18,0.0,1.0,0.0,1.0,1.0
1.0,0.0,0.0,0.0,1.0,1.0,0.0
1.0,1.74075e-18,0.0,1.0,0.0,1.0,1.0
0.9960606,0.9265851,0.39939892,0.2092433,0.00038394093,0.99840796,0.9975955
1.0,0.0,0.0,1.0,0.0,1.0,1.0
1.0,6.0288023e-35,0.0,1.0,0.0,1.0,1.0
1.0,2.089105e-06,1.0554889e-24,1.0,0.0,1.0,1.0
1.0,0.0521047,8.6687774e-10,1.0,1.8868856e-19,1.0,1.0
1.0,0.19952956,1.5230177e-07,1.0,5.098779e-16,1.0,1.0
1.0,6.1226273e-33,2.210115e-24,0.0,1.0,1.0,2.9252783e-33
0.99770296,0.9414644,0.42582625,0.3054481,0.00024477273,0.9993349,0.9989751
1.0,0.50054544,5.7694e-05,0.9999938,1.8655757e-11,1.0,1.0
1.0,1.6818493e-22,1.3630103e-16,0.0,1.0,1.0,7.593598e-23
1.0,0.0,0.0,0.0,1.0,1.0,0.0
1.0,0.0009561149,8.985546e-16,1.0,5.097463e-29,1.0,1.0
0.9906452,0.0001800785,0.0030027155,1.0574817e-09,0.9984625,0.98690253,0.00014639749
1.0,0.0,0.0,0.0,1.0,1.0,0.0
1.0,0.00077264686,2.1328544e-16,1.0,3.0500509e-30,1.0,1.0
0.94130576,0.0075512356,0.038469333,4.668016e-06,0.9554061,0.92281044,0.007639535
1.0,3.4337277e-38,0.0,1.0,0.0,1.0,1.0
0.98709,0.0004041217,0.0055291182,7.552369e-09,0.9980895,0.9837024,0.00029417386
1.0,0.0,0.0,0.0,1.0,1.0,0.0
1.0,0.6427179,9.6201904e-05,0.999993,1.2835089e-11,1.0,1.0
1.0,0.006857377,5.1955743e-13,1.0,1.1362038e-24,1.0,1.0
1.0,0.21030056,2.3110343e-07,1.0,1.1145258e-15,1.0,1.0
1.0,0.0,0.0,0.0,1.0,1.0,0.0
1.0,0.5159714,2.060402e-05,0.9999983,1.2660605e-12,1.0,1.0
0.9937426,0.00010446874,0.0020234357,4.1300668e-10,0.9994745,0.9921692,7.0690614e-05
1.0,0.0,0.0,0.0,1.0,1.0,0.0
0.72370285,0.20621142,0.29074818,0.007592952,0.6663764,0.7121608,0.13230287
1.0,0.0,0.0,0.0,1.0,1.0,0.0
1.0,0.0,0.0,1.0,0.0,1.0,1.0
1.0,0.0,0.0,0.0,1.0,1.0,0.0
0.96198523,0.0036178657,0.02241972,7.2938366e-07,0.97494805,0.94852245,0.003310186
0.75247425,0.1585514,0.24457553,0.003271788,0.69787955,0.74069256,0.096407
0.80287856,0.4168544,0.2727702,0.014021176,0.14361861,0.79016185,0.3660092
1.0,0.4848955,3.710757e-05,0.9999961,7.694135e-12,1.0,1.0
0.72354674,0.357231,0.3433327,0.022815887,0.3308357,0.704663,0.2767771
0.76288706,0.124770515,0.22510119,0.0025198814,0.76533496,0.753031,0.086387746
0.781163,0.11773903,0.22218552,0.0024291165,0.7538794,0.7618739,0.089476764
1.0,2.3078852e-09,2.0442157e-33,1.0,0.0,1.0,1.0
1.0,0.0584034,2.7647704e-09,1.0,1.9010184e-18,1.0,1.0
0.9919666,0.8956746,0.2653855,0.063699916,0.00055759435,0.9945947,0.98936856
1.0,0.73076963,0.00041154545,0.99996936,1.5887669e-10,1.0,1.0
0.9998253,0.95609456,0.2900757,0.76195186,1.5628324e-05,0.99999034,0.99997216
0.99943227,0.95452994,0.35752037,0.5486065,5.6261262e-05,0.9999238,0.99985
1.0,7.235722e-16,1.1119759e-11,1.8543465e-35,1.0,1.0,4.7042627e-16
0.9933702,0.9068926,0.29139903,0.08161201,0.0003450428,0.9963287,0.9932751
1.0,0.10409635,1.5845163e-08,1.0,1.9622473e-17,1.0,1.0
0.9943951,9.6429125e-05,0.0017772262,4.168641e-10,0.99969006,0.9935325,5.6848898e-05
1.0,2.5837281e-24,0.0,1.0,0.0,1.0,1.0
1.0,0.0,0.0,0.0,1.0,1.0,0.0
0.99898607,0.95168984,0.39473176,0.45385042,0.00010216386,0.99981207,0.99967915
1.0,0.0,0.0,1.0,0.0,1.0,1.0
1.0,0.83340585,0.0021620058,0.9998036,2.3266473e-09,1.0,1.0
1.0,0.8315884,0.0036751237,0.9996013,8.250065e-09,1.0,1.0
1.0,0.098313816,3.937005e-08,1.0,1.7765142e-16,1.0,1.0
1.0,1.1511367e-17,0.0,1.0,0.0,1.0,1.0
1.0,1.3930921e-19,0.0,1.0,0.0,1.0,1.0
1.0,0.31763205,1.3721096e-06,0.9999999,1.6479487e-14,1.0,1.0
1.0,0.0,3.082051e-30,0.0,1.0,1.0,0.0
0.99868965,5.0379167e-06,0.00022735681,4.4751168e-13,0.9999565,0.99825466,3.466056e-06
1.0,1.4438732e-14,0.0,1.0,0.0,1.0,1.0
1.0,0.11110433,1.4214842e-08,1.0,1.28086875e-17,1.0,1.0
1.0,1.1091371e-34,1.0570114e-25,0.0,1.0,1.0,4.955716e-35
1.0,6.5490545e-33,0.0,1.0,0.0,1.0,1.0
0.99142456,0.00017579754,0.0030289653,1.1414645e-09,0.9989261,0.98876,0.00012955222
1.0,0.0025255017,9.691341e-15,1.0,1.148508e-27,1.0,1.0
0.99996084,7.0507893e-09,1.7371685e-06,2.2677508e-19,0.9999999,0.99995047,5.3582827e-09
1.0,3.2793493e-15,3.2844134e-11,5.682562e-34,1.0,1.0,2.034812e-15
0.9999895,0.9521872,0.11581996,0.96304905,1.0576505e-06,0.9999999,0.9999994
0.99510354,0.9193914,0.38194752,0.19246131,0.00046955017,0.99783665,0.9967129
1.0,1.1175939e-05,3.8501e-22,1.0,0.0,1.0,1.0
0.72030413,0.21348584,0.29803294,0.008456088,0.6505629,0.7077174,0.1394555
1.0,1.3331105e-09,5.054676e-34,1.0,0.0,1.0,1.0
1.0,5.451929e-21,0.0,1.0,0.0,1.0,1.0
0.9716297,0.45371008,0.07271707,0.00077124545,0.00377839,0.97238255,0.64417124
1.0,0.16346048,1.3821193e-07,1.0,7.4287616e-16,1.0,1.0
0.93003887,0.011287713,0.051477894,1.2059343e-05,0.9409011,0.9084121,0.011395762
0.9999986,0.88513863,0.024187759,0.9950464,2.2699948e-07,1.0,0.99999994
1.0,7.671321e-06,2.0102474e-22,1.0,0.0,1.0,1.0
0.97991514,0.0007786568,0.007584409,2.16453e-08,0.9912769,0.97173584,0.0007624763
0.9907337,0.7830973,0.10806615,0.008383346,0.00030093524,0.99341047,0.9729233
0.7548527,0.30196157,0.27436808,0.008486118,0.3039011,0.7407992,0.2169708
1.0,5.48767e-29,1.8477359e-21,0.0,1.0,1.0,1.868169e-29
0.9670637,0.0025342978,0.01746849,3.2260053e-07,0.9799716,0.95489407,0.0023672294
1.0,3.3175356e-16,6.3317632e-12,3.1471964e-36,1.0,1.0,2.176166e-16
1.0,2.435264e-18,0.0,1.0,0.0,1.0,1.0
1.0,1.1519946e-07,5.6845074e-28,1.0,0.0,1.0,1.0
1.0,0.0,0.0,1.0,0.0,1.0,1.0
0.9278631,0.012093958,0.05400858,1.4168834e-05,0.9381131,0.90568286,0.0121847745
1.0,2.4071339e-08,4.7578305e-30,1.0,0.0,1.0,1.0
1.0,0.2384422,2.030628e-06,0.9999997,1.06386844e-13,1.0,1.0
1.0,0.0,0.0,0.0,1.0,1.0,0.0
1.0,0.0,6.932131e-33,0.0,1.0,1.0,0.0
1.0,0.0,0.0,0.0,1.0,1.0,0.0
0.99994075,0.95206136,0.2066237,0.89716357,4.9938035e-06,0.99999857,0.99999404
1.0,0.0,0.0,0.0,1.0,1.0,0.0
1.0,3.093567e-17,0.0,1.0,0.0,1.0,1.0
1.0,0.0,4.0676808e-29,0.0,1.0,1.0,0.0
1.0,7.610263e-33,2.4602718e-24,0.0,1.0,1.0,3.1068948e-33
0.98767483,0.81928575,0.14964743,0.009152214,0.0008142976,0.9887346,0.95710343
0.99751484,1.9571356e-05,0.00058338407,1.1269455e-11,0.9999092,0.99698055,1.178615e-05
1.0,0.0,0.0,1.0,0.0,1.0,1.0
1.0,0.0,6.4765883e-32,0.0,1.0,1.0,0.0
0.99999994,4.360149e-14,2.14677e-10,2.109494e-31,1.0,0.99999994,2.6930737e-14
1.0,1.4145949e-06,6.6141574e-25,1.0,0.0,1.0,1.0
1.0,0.0009925537,7.8437024e-16,1.0,3.3672643e-29,1.0,1.0
1.0,0.0,0.0,0.0,1.0,1.0,0.0
1.0,6.634245e-33,2.3024028e-24,0.0,1.0,1.0,3.0081826e-33
0.99999994,4.0359023e-14,2.096816e-10,1.8969494e-31,1.0,0.99999994,2.7860225e-14
1.0,1.2884755e-05,6.4158333e-22,1.0,0.0,1.0,1.0
0.9993406,0.9586226,0.39960793,0.5267033,6.455433e-05,0.99990284,0.9998268
1.0,0.0,0.0,0.0,1.0,1.0,0.0
1.0,1.6012106e-31,2.4072535e-23,0.0,1.0,1.0,6.349527e-32
0.99867046,5.1555626e-06,0.00023151218,4.6747084e-13,0.9999547,0.9982231,3.5716528e-06
1.0,3.928279e-05,1.5701172e-20,1.0,1.7026104e-36,1.0,1.0
0.9999654,0.9430182,0.15051576,0.93592113,3.1319219e-06,0.99999946,0.99999726
0.99869454,4.721478e-06,0.0002200572,3.5525952e-13,0.9999476,0.9981741,3.5662513e-06
1.0,0.0,0.0,0.0,1.0,1.0,0.0
1.0,0.055554315,1.4995655e-09,1.0,5.486108e-19,1.0,1.0
1.0,0.0,0.0,1.0,0.0,1.0,1.0
1.0,1.1704377e-06,3.546697e-25,1.0,0.0,1.0,1.0
1.0,0.0,0.0,0.0,1.0,1.0,0.0
1.0,0.12713096,4.2332985e-08,1.0,1.02761475e-16,1.0,1.0
0.91690534,0.17608006,0.074635275,0.0002653378,0.065901674,0.92446125,0.18468761
1.0,0.0,0.0,0.0,1.0,1.0,0.0
1.0,0.0,0.0,1.0,0.0,1.0,1.0
1.0,0.21063648,1.8431727e-07,1.0,6.6133553e-16,1.0,1.0
0.99995726,0.92926556,0.13433938,0.93942255,3.827806e-06,0.99999934,0.9999964
0.99999315,0.89637995,0.049467985,0.9865416,9.094246e-07,0.99999994,0.9999997
0.9635386,0.36374652,0.06969037,0.0005460435,0.0072788023,0.96522886,0.5178206
0.94780505,0.005697727,0.032495275,2.747477e-06,0.9623291,0.93084365,0.0063534267
0.9991773,0.9458288,0.3430941,0.5091454,8.3593324e-05,0.99987173,0.9997532
0.9728584,0.46223146,0.07234422,0.0007762556,0.0034713205,0.97363234,0.6587355
0.99999166,0.9563145,0.11522091,0.9643477,8.385926e-07,0.99999994,0.9999996
0.99999136,0.9322159,0.07908443,0.97748154,9.826588e-07,0.99999994,0.9999996
1.0,2.0001326e-17,0.0,1.0,0.0,1.0,1.0
1.0,1.6068443e-05,1.4952295e-21,1.0,7.205097e-38,1.0,1.0
1.0,0.0,0.0,0.0,1.0,1.0,0.0
1.0,0.8145649,0.0009944248,0.9999251,4.7509136e-10,1.0,1.0
1.0,0.008672389,1.8485023e-12,1.0,1.2648226e-23,1.0,1.0
1.0,0.0,0.0,0.0,1.0,1.0,0.0
0.99999803,0.90914637,0.034015775,0.9928004,2.8074032e-07,1.0,0.99999994
0.99999964,0.7720219,0.007635993,0.99865,9.798693e-08,1.0,1.0
0.9566632,0.0035545267,0.023118926,9.602928e-07,0.9734407,0.9428756,0.0041097165
0.99951607,0.9372287,0.28093594,0.63232446,4.867567e-05,0.99995255,0.9998813
1.0,0.0,1.0408224e-33,0.0,1.0,1.0,0.0
1.0,0.6351995,0.00019778193,0.9999831,8.318761e-11,1.0,1.0
1.0,1.0494393e-07,3.4090378e-28,1.0,0.0,1.0,1.0
0.9435782,0.006882949,0.036724914,3.9645315e-06,0.95622116,0.92513347,0.007335271
0.99999994,0.83831066,0.0052814446,0.99936235,1.7057353e-08,1.0,1.0
0.9961778,4.3573968e-05,0.0010405291,6.591094e-11,0.9998053,0.9953644,2.7107742e-05
1.0,0.684122,0.0001980631,0.9999859,4.467591e-11,1.0,1.0
0.95169395,0.35480192,0.08516936,0.00084495504,0.01389351,0.95299995,0.47249007
1.0,0.85214484,0.0018055015,0.9998554,1.096731e-09,1.0,1.0
0.99999994,5.4660568e-14,2.627244e-10,3.8476747e-31,1.0,0.99999994,3.837996e-14
1.0,1.6628126e-23,0.0,1.0,0.0,1.0,1.0
1.0,5.7123496e-05,1.03879474e-19,1.0,5.6649185e-35,1.0,1.0
0.99999994,0.8468828,0.0046332744,0.99948496,1.1028129e-08,1.0,1.0
1.0,0.0,0.0,0.0,1.0,1.0,0.0
0.71862614,0.21531637,0.28739873,0.0068483357,0.6030865,0.7140689,0.13273767
1.0,0.0013594306,2.7070442e-15,1.0,2.7684326e-28,1.0,1.0
1.0,0.0,0.0,0.0,1.0,1.0,0.0
1.0,1.4815102e-24,3.9337347e-18,0.0,1.0,1.0,5.8713867e-25
1.0,0.8612164,0.0019442184,0.9998458,1.1088719e-09,1.0,1.0
0.98541075,0.00047957076,0.0062031173,1.0372146e-08,0.9973778,0.98094547,0.0003692275
1.0,8.095753e-37,0.0,1.0,0.0,1.0,1.0
0.96335435,0.002501215,0.017819954,4.3346805e-07,0.97964144,0.9515354,0.0029628149
1.0,0.044637643,6.8642025e-10,1.0,1.6756402e-19,1.0,1.0
0.98370224,0.00057390204,0.006800246,1.3698468e-08,0.9956869,0.97744215,0.0004940826
0.9999293,2.2049074e-08,3.9872366e-06,3.043421e-18,0.99999976,0.9999137,1.4995836e-08
1.0,0.000102075435,6.640749e-19,1.0,9.179829e-34,1.0,1.0
1.0,7.325957e-24,0.0,1.0,0.0,1.0,1.0
1.0,0.8495263,0.0040426366,0.9995761,7.713425e-09,1.0,1.0
1.0,0.0,0.0,0.0,1.0,1.0,0.0
1.0,0.0,0.0,0.0,1.0,1.0,0.0
1.0,7.904826e-32,0.0,1.0,0.0,1.0,1.0
1.0,4.1726474e-15,0.0,1.0,0.0,1.0,1.0
1.0,0.78415585,0.0011024504,0.9999059,9.318263e-10,1.0,1.0
1.0,0.0,0.0,0.0,1.0,1.0,0.0
0.96136844,0.0029881985,0.01986746,5.3129475e-07,0.97544956,0.9478843,0.003126624
1.0,0.00010762907,5.258798e-19,1.0,4.730782e-34,1.0,1.0
0.99761844,1.7837141e-05,0.0005472038,9.028495e-12,0.9999134,0.9970889,1.0820768e-05
1.0,2.0871259e-05,2.6067696e-21,1.0,1.3063677e-37,1.0,1.0
1.0,0.11292092,4.617545e-08,1.0,1.7411104e-16,1.0,1.0
0.9939572,0.8800387,0.20342894,0.04139039,0.0001998316,0.9961169,0.9918857
0.9815306,0.0006419736,0.006591688,1.4074446e-08,0.992638,0.9739692,0.00062966
1.0,1.5932721e-06,4.506078e-25,1.0,0.0,1.0,1.0
0.99947864,0.9546564,0.35142195,0.561286,5.1581028e-05,0.9999334,0.99986535
0.92511445,0.01342675,0.057727464,1.7514762e-05,0.93451035,0.9024017,0.01317384
1.0,0.0,0.0,0.0,1.0,1.0,0.0
1.0,0.00229239,2.1542516e-14,1.0,9.826901e-27,1.0,1.0
0.9760444,0.00094001734,0.008603655,4.5085155e-08,0.9900563,0.96826285,0.0011495316
1.0,0.0,0.0,0.0,1.0,1.0,0.0
0.99999446,0.89859587,0.04639928,0.9879333,7.4390846e-07,1.0,0.99999976
0.9891827,0.84904945,0.17298263,0.016323803,0.0006996335,0.99050635,0.97174466
1.0,0.5565885,5.1449766e-05,0.9999955,7.669315e-12,1.0,1.0
1.0,5.1542823e-15,4.858022e-11,1.8225515e-33,1.0,1.0,3.980019e-15
1.0,3.5140874e-06,6.060426e-24,1.0,0.0,1.0,1.0
1.0,0.0,0.0,0.0,1.0,1.0,0.0
1.0,1.0712687e-08,3.4117386e-31,1.0,0.0,1.0,1.0
1.0,0.016610295,1.0870045e-11,1.0,1.5384437e-22,1.0,1.0
0.85651875,0.03268455,0.10394874,0.00012382491,0.88806593,0.83996314,0.02742793
1.0,9.490966e-21,2.7886847e-15,0.0,1.0,1.0,4.8898935e-21
1.0,0.0,0.0,1.0,0.0,1.0,1.0
1.0,2.0129815e-20,4.6607e-15,0.0,1.0,1.0,9.090645e-21
1.0,0.7289883,0.00022067134,0.9999858,3.4098148e-11,1.0,1.0
0.70510435,0.24665974,0.3171701,0.010815423,0.5640291,0.69886744,0.1589561
0.8795213,0.25689968,0.13106744,0.0014690527,0.10438695,0.8824786,0.24707666
0.8389332,0.041324288,0.11942983,0.00020694706,0.87152755,0.82434464,0.03339485
0.9999989,0.86281365,0.018969791,0.9961686,2.0390021e-07,1.0,1.0
1.0,6.4486367e-15,5.409725e-11,2.7102949e-33,1.0,1.0,4.1170557e-15
1.0,1.7378917e-24,4.429571e-18,0.0,1.0,1.0,6.893395e-25
